<?xml version="1.0" encoding="utf-8" ?>
<script name="fru_ld100s_factory" echo="off" dump="0"> 

<!-- Copyright (c) coreIPM LLC 2011-2017                                                    -->
<!-- coreIPM sea of sensors project.                                                        -->
<!-- This is a FRU Information Device data for LD100 based BMC project.                     -->
<!-- Author: Sergei Vlasov.                                                                 -->
<!-- Last edited on: December 17, 2017.                    Document rev: 18                 -->

<!-- The structure follows the requirements of the document "Platform Management 
     FRU Information Storage Definition"  rev. 1.1 1999, (c) Intel, Hewlett 
     Packard, Dell, NEC; http:://www.intel.com/.../fru1011.pdf                              -->


<!--   //  An Objective:                                        : An Objective    //        -->
<!--   //                                                                         //        -->
<!--   //  Make this file producing the FRU info data for "factory" default use.  //        -->
<!--   //  We will be able to always "restore" this with the terminal command.    //        -->
<!--   //  The data structure has: One tmp432 type sensor described (internal),   //        -->
<!--   //  and several external, client menu selectable, polled.                  //        -->
<!--   //  Three partitions: FRU, SDR, and SEL, EEPROM based                      //        -->
<!--   //                                                                         //        -->

        

<!--Option: FRU use_picmg_fru_inventory_device_protocol=""                                  -->
<FRU>
        <!-- The common_header is mandatory area for all FRU info devices.                  -->
        <!-- The common-header is always at an offset = 0 of this FRU device.               -->
        <common_header
                format_version      ="1"
                int_use_offset      ="0"
                chassis_info_offset ="0"
                board_offset        ="0"
                product_info_offset ="0"
                multirecord_offset  ="0" >
        </common_header>                           
        
        <!-- Management controller internal use area. Recommended size is 72 bytes minimum. -->
        <internal_use_area format_version="1">
                <local_gpio_devices >
                   <!--     <led id="blue_led" gpio_port="0x13" />                    p0_19 -->
                   <!--     <led id="led_1"    gpio_port="0x9C" />                    p4_28 -->
                   <!--     <led id="led_2"    gpio_port="0x47" />                    p2_7  -->
                </local_gpio_devices > 
                <local_i2c_devices > 
                        <!-- We have one on-IDB tmp432 controller local i2c bus attached. 
                             Of the 3 sensors on chip, one is used :                        -->
                        <temperature_controller address="0x98" id="0" sensor_id_local="0x04" 
                                                sensor_id_remote_1="0xFF" sensor_id_remote_2="unused"/>
                </local_i2c_devices>
        </internal_use_area>

        <!-- The board_info_area provides information about the board the FRU device is located on.
             64 bytes recommended minimum size. -->
        <board_info_area format_version = "1" language = "25" date = "auto"  
                manufacturer = "coreIPM"  product_name = "ld100" serial_number = "001"
                part_number = "SV1229" fru_file = "fru_ld100s_factory.xml" >
        </board_info_area> <!-- option: date = "993685" ~May, 2016 -->
        
        <multirecord_info_area>    
                <led_description_record leds_total = "3" >       <!-- Table 3-33 -->
                        <led_descriptor id="blue_led" legend = "User LED" description = "User LED"/>
                        <led_descriptor id="led_1" legend="OOS" description="Out of service"/>
                        <led_descriptor id="led_2" symbol="IEC 60417-5987" description="Activity"/>
                </led_description_record>                        <!-- Table 3-33 -->

                <fru_information_partition>
                        <partition id="0" offset="0" />                 <!-- This is main FRU info partition (all projects) -->
                        <partition id="1" offset="0x0" size="0" />      <!-- This is a Shelf FRU info partition for Carrier Manager -->
                        <partition id="sdr" offset="0x140" size="0x140"/> 
                        <partition id="sel" offset="0x280" size="0x100" />     
                </fru_information_partition>
                
                <management_access_record  management_mac_address="00>06:11:A2:30:EE:42"  
                 end_of_list="1"/>
                
        </multirecord_info_area>
        
        
        <!--The SDR area is a separate data structure, offset in the sdr record of the multirecord_info_area.        -->
        <sdr format_version="1" default_owner_id="0x20"> 
                <!-- Please ensure the resident code has the respective sensor "drivers" using matching sensor_id values.
                     Note: several sensors can use the same driver (scan function) but must have different sensor_id -->
                <temperature type="full_sensor_record" id="0" name="Area Local T" sensor_id="0x04"
                        event_type="threshold"
                        upper_noncritical_threshold="0xFF" upper_critical_threshold="0xFF"/> <!--REQ AMC 3-165 -->
        </sdr>
        
        <sel format_version="0x51" operations_supported="0x0" allocation_unit_bytes="16"> </sel>
</FRU>
</script>

<!--  End of     fru_ld100s_factory.xml     file.  -->
