<?xml version="1.0" encoding="utf-8" ?>


<!-- Copyright (c) coreIPM LLC 2017-2021          sv   created: ~04.17  -->
<!-- ld100_addon.xml  :  ld100_tool customization (sdf) sample.         -->
<!-- Last edited on: November 05, 2021.           Document rev: 34      -->


<!-- This document state: (alpha updating, beta testing, completed,...) -->
<!--         completed                                                  -->


<!-- Last update(s):                                                    -->
<!--                                                                    -->
<!--                                                                    -->
<!--                                                                    -->
<!-- July  2021 - added a table of default sensors ( document bottom )  -->
<!-- April 2021 - coreAFE sensor: adding sensor_type statement.         -->

<sdf  client_version_exact = "5.33">
    <sensor
        name = "moisture"
        menu_index ="3"
        connector = "J15"
        pin = "2"
    />

    <!-- sensor              : commented out to skip warning
        name = "ems22"
        display_name = "EMS22+J12_8"
        connector = "J12"
        menu_index ="8"
        id   = "spi_sensor_type_custom_1"
        sensor_states_total = "1"
        -->

        <!--sensor_state
            state = "0"
            return_value_location = "0"
            bytes_to_wr ="2"
            return_value_scale ="9.5367431640625E-7"
            return_value_mask = "0xFFF"
        /-->
    <!-- /sensor -->

    <!-- sensor              : commented out to skip warning
        name = "EMS22"
        display_name = "EMS22+J11_7"
        connector = "J11"       menu_index ="7"
        id      = "spi_sensor_type_custom_0"
        -->

        <!-- this is the sensor state producing the result -->
        <!--sensor_state
            state = "0"
            return_value_location = "0"
            bytes_to_wr ="2"
            return_value_scale ="9.5367431640625E-7"
            return_value_mask = "0xFFF"
        /--> <!-- scale = 2^-20 -->
    <!-- /sensor -->

    <hide  connector = "J12" menu_index ="7" />
    <sensor
        name = "AD9837"
        display_name = "9837 wave gen"
        connector = "J12"
        menu_index ="7"
        id   = "spi_sensor_type_ad9837"
        sensor_states_total = "5"
        >

        <!-- Take the wave generator out from Reset, set B28 -->
        <sensor_state
            state = "0"
            next_state="1"
            bytes_to_wr ="2"  >
        20 00 
        </sensor_state>

        <!-- write the Freq register -->
        <sensor_state
            state = "1"
            next_state="2"
            bytes_to_wr ="4"  >
        4C FF 40 00
        </sensor_state>

        <!-- Take the wave generator out from Reset, keep B28 -->
        <sensor_state
            state = "2"
            next_state="3"
            bytes_to_wr ="2"  >
        20 00 
        </sensor_state>

        <!-- No-op (infinite loop) -->
        <sensor_state
            state = "3"
            next_state="3"
            bytes_to_wr ="0"  >
        </sensor_state>
        
        <!-- Debug "state": Take the wave generator infinite -->
        <sensor_state
            state = "4"
            next_state="3"
            bytes_to_wr ="4"  >
        10 00 4C FF
        </sensor_state>
    </sensor>


    <sensor
        name = "max318x"
        display_name = "Oven100 J11.8"
        connector = "J11"
        menu_index ="8"
        id      = "spi_sensor_type_custom_1"
        port_id = "128"
        sensor_states_total = "2"
        >

        <!-- this is the sensor state producing the result -->
        <sensor_state
            state = "1"
            return_value_location = "1"
            bytes_to_wr ="5"
            next_state="1"
            return_value_scale ="1.52587890625E-5"
            return_value_mask = "0xFFFF"
            >      <!-- scale = 2^-16 -->
            0C 00 00 00 00
        </sensor_state>

        <sensor_state
            state = "0"
            next_state="1"
            bytes_to_wr ="4"
            >
            80 80 03 3C
        </sensor_state>
    </sensor >

    <!-- Note: if menu_index == "0" then skip this sensor -->
    <sensor
        name = "mlx90"
        display_name = "mlx90 J8.7"
        connector = "J8"       menu_index ="0"
        id      = "i2c_sensor_type_custom_0"
        bus_id = "0x01" bus_address="0xB4"
        sensor_states_total = "1"
        >

        <!-- this is the sensor state producing the result -->
        <sensor_state
            state = "0"
            return_value_location = "0"
            bytes_to_wr ="1"
            return_value_scale ="1"
            return_value_mask = "0xFFFF"
            >
            07
        </sensor_state>
    </sensor>


    <!-- Note: menu_index="8" used to be used here, for J9/AMG88 -->
    <sensor
        name = "AMG88"
        display_name = "PIR AMG88"
        connector = "J9"       menu_index ="0"
        id      = "i2c_sensor_type_custom_1"
        bus_id = "0x02" bus_address="0xD0"
        sensor_states_total = "2" >

        <!-- this is the sensor initialization state (thresholds set up) -->
        <sensor_state state = "0"
            bytes_to_wr ="7"
            bytes_to_rd ="0"
            next_state="1"
        >
        08 08 90 00 70 00 0c
        </sensor_state>

        <!-- this is the producing the result sensor state (the main loop) -->
        <sensor_state state = "1" return_value_location = "0"
            bytes_to_wr ="1"
            bytes_to_rd ="8"
            return_value_scale ="1"
            return_value_mask = "0xFFFFFFFF">
        10
        </sensor_state>
    </sensor >


    <!-- connector = "J9"   bus_id = "0x02"    menu_index ="7" !-->
    <sensor
        name = "EZO-pH"
        display_name = "EZO pH"
        connector = "J8"       menu_index ="7"
        id      = "i2c_sensor_type_ezo_ph"
        bus_id = "0x01" bus_address="0xC6"
        sensor_states_total = "3" >

        <sensor_state state = "0"
            bytes_to_wr ="1" bytes_to_rd ="0"
            next_state="1"
            >
            52
        </sensor_state>
        
        <!-- this is the result reading/exporting sensor state -->
        <sensor_state state = "1" return_value_location = "1"
            bytes_to_wr ="0" bytes_to_rd ="5"
            return_value_scale ="1"
            return_value_mask = "0xFFFFFFFF"
            next_state="0">
        </sensor_state>
        
        <!-- this is the sensor calibration state. -->
        <!-- bytes_to_wr and the data array should be set by the client 
             before entering this state -->
        <sensor_state state = "2"
            bytes_to_wr ="4" bytes_to_rd ="0"
            next_state="0"
            >
            00 00 00 00 
        </sensor_state>
    </sensor >

    <hide name = "LSM9" connector = "J9" menu_index ="2" />

    <sensor
        name = "EZO_DO"
        display_name = "EZO DO"
        connector = "J9"       menu_index ="2"
        id      = "i2c_sensor_type_ezo_do"
        bus_id = "0x02" bus_address="0xC2"
        sensor_states_total = "3" >

        <sensor_state state = "0"
            bytes_to_wr ="1" bytes_to_rd ="0"
            next_state="1"
            >
            52
        </sensor_state>
        
        <!-- this is the result reading/exporting sensor state -->
        <sensor_state state = "1" return_value_location = "1"
            bytes_to_wr ="0" bytes_to_rd ="5"
            return_value_scale ="1"
            return_value_mask = "0xFFFFFFFF"
            next_state="0">
        </sensor_state>
        
        <!-- this is the sensor calibration state. -->
        <!-- bytes_to_wr and the data array should be set by the client 
             before entering this state -->
        <sensor_state state = "2"
            bytes_to_wr ="4" bytes_to_rd ="0"
            next_state="0"
            >
            00 00 00 00 
        </sensor_state>
    </sensor >
    
    <!-- i2c_sensor_type_vl53L0 @J9    First used on J9.9 -->
    <!-- Note: if menu_index == "0" then skip this sensor -->
    <sensor
        name = "VL53L0X"
        display_name = "Ranger VL53L0"
        connector = "J9"       menu_index ="0"
        id      = "i2c_sensor_type_vl53l0"
        bus_id = "0x02" bus_address="0x52"
        sensor_states_total = "1" >

        <!-- VL53L0X_REG_SOFT_RESET_GO2_SOFT_RESET_N = 0 -->
        <sensor_state state = "0"  return_value_location = "1"
            return_value_scale ="1"
            return_value_mask = "0xFFFF"
            next_state="0" >
        </sensor_state>

    </sensor >

    <!-- i2c_sensor_type_vl53L1 @J9  First used on J9.8   -->
    <!-- Note: If used then should be menu_index ="8"     -->
    <!--       If menu_index == "0" then skip this sensor -->
    <sensor
        name = "VL53L1X"
        display_name = "Ranger VL53L1"
        connector = "J9"       menu_index ="0"
        id      = "i2c_sensor_type_vl53l1"
        bus_id = "0x02" bus_address="0x52"
        sensor_states_total = "3" >

        <!-- VL53L1X Reset = 0 -->
        <sensor_state state = "0"  
            next_state="1" >
        </sensor_state>

        <!-- VL53L1X Init = 1 -->
        <sensor_state state = "1" 
            next_state="2" >
        </sensor_state>

        <!-- VL53L1X Get Distance = 2 -->
        <sensor_state state = "2"  return_value_location = "1"
            return_value_scale ="1"
            return_value_mask = "0xFFFF"
            next_state="2" >
        </sensor_state>
    </sensor >

    <!-- i2c_sensor_type_ccs811 @J9 : 0xB6==(0x5B << 1)       -->
    <!-- Note: If used then should be menu_index ="9" or"10"  -->
    <!--       If menu_index == "0" then ignore this sensor record     -->
    <sensor
        name = "CCS811"
        display_name = "Gas CCS811"
        connector = "J9"       menu_index ="10"
        id      = "i2c_sensor_type_ccs811"
        bus_id = "0x02" bus_address="0xB6"
        sensor_states_total = "4" >

        <!-- CCS811 Reset  -->
        <sensor_state state = "0"  bytes_to_wr ="5" bytes_to_rd ="0" next_state="1" >
        FF 11 e5 72 8a
        </sensor_state>

        <!-- CCS811 Init (firmware start) -->
        <sensor_state state = "1"  bytes_to_wr ="1" bytes_to_rd ="0" next_state="2" >
        F4
        </sensor_state>

        <!-- CCS811 Init2 (set sensing mode) -->
        <sensor_state state = "2"  bytes_to_wr ="2" bytes_to_rd ="0" next_state="3" >
        01 10
        </sensor_state>

        <!-- CCS811 Get Data  -->
        <sensor_state state = "3"  return_value_location = "0"
            bytes_to_wr ="1" bytes_to_rd ="4"
            return_value_scale ="1"
            return_value_mask = "0xFFFFFFFF"
            next_state="3" >
        02
        </sensor_state>
    </sensor >

    <!-- Note: if menu_index=="0" then skip this sensor/XML record/ -->
    <!-- Valid ADC121C021 bus_address values: 0xA0,A2,A4,A8,AA,AC,B0,B2,B4 -->
    <!-- Note: sensor types describe sequential numbers, from 1..   type=0 is fixed for "raw" -->
    <hide name = "LSM9" connector = "J9" menu_index ="3" />
    <!--hide name = "LSM9?" connector = "J9" menu_index ="4" /-->
    
    <!-- was: <sensor_variant raw_data="0" pH="1" conductivity="2" salinity="3" moisture="4"/> -->
    <sensor
        name = "cAFE"
        display_name = "cAFE 0xA0"
        connector = "J9"    menu_index ="3"
        
        id      = "i2c_sensor_type_coreAFE"
        bus_id = "0x02" bus_address="0xA0"
        sensor_states_total = "2" >
	<sensor_variant pH="1" />

        <!--  set ADC121C021 register pointer to "0" = result register -->
        <!-- Note:           change this state to other uses if needed -->
        <sensor_state state = "0"
            bytes_to_wr ="1" bytes_to_rd ="0"
            next_state="1"
            >
            00
        </sensor_state>
        
        <!-- this is the result reading/exporting sensor state -->
        <sensor_state state = "1" return_value_location = "0"
            bytes_to_wr ="0" bytes_to_rd ="2"
            return_value_scale ="1"
            return_value_mask = "0x0FFF"
            next_state="1">
        </sensor_state>
    </sensor >
    
    <!--sensor  12.12.21 :: temp commented out to hide warning (dup sensor)
        name = "cAFE"
        display_name = "cAFE 0xB0"
        connector = "J9"    menu_index ="4"
        
        id      = "i2c_sensor_type_coreAFE"
        bus_id = "0x02" bus_address="0xB0"
        sensor_states_total = "2" -->

        <!--  set ADC121C021 register pointer to "0" = result register -->
        <!-- Note:           change this state to other uses if needed -->
        <!--sensor_state state = "0"
            bytes_to_wr ="1" bytes_to_rd ="0"
            next_state="1"
            >
            00
        </sensor_state-->
        
        <!-- this is the result reading/exporting sensor state -->
        <!--sensor_state state = "1" return_value_location = "0"
            bytes_to_wr ="0" bytes_to_rd ="2"
            return_value_scale ="1"
            return_value_mask = "0x0FFF"
            next_state="1">
        </sensor_state-->
    <!--/sensor -->

    <!-- sample "hide" directives -->
    <!--hide
        name = "EMS22"
        connector = "J12"
        menu_index ="1"
    /-->
</sdf>


<!-- End of ld100_addon.xml file. -->

<!-- ____________________________________________________________________________________________________ -->
<!-- ld100_tool connectors' sensor defaults ( reference list )   ________________________________________ -->
<!--            The sensors below constitute list of fixed sensors selectable for J8, J9, J11, and J12 
                if no xml configuration is applied to the service.  _____________________________________ -->
<!-- conn  menu_index  fixed sensor     conn  menu_idx  fixed sensor      conn  menu_idx fixed sensor     -->
<!-- J8    0           none             J8    1         LSM9 mag          J8    2        LSM9 gyr         -->
<!-- J8    3           LSM9 accel       J8    4         MLX90 therm       J8    5        BME280 pth       -->
<!-- J8    6           VL6180 ranger    J8    7         AS7263 IR spectr  J8    8        ISL29 Light      -->
<!-- J8    9           AS7265 spectr    J8    10        EZO-EC            J8    11       SCD30 CO2        -->
<!-- J8    12          -                J8    13        -                 J8    14       -                -->
<!--                                                                                                      -->
<!-- J9    0           none             J9    1         LSM9 mag          J9    2        LSM9 gyr         -->
<!-- J9    3           LSM9 accel       J9    4         MLX90 therm       J9    5        BME280 pth       -->
<!-- J9    6           VL6180 ranger    J9    7         AS7263 IR spectr  J9    8        ISL29 Light      -->
<!-- J9    9           AS7265 spectr    J9    10        EZO-EC            J9    11       SCD30 CO2        -->
<!-- J9    12          -                J9    13        -                 J9    14       -                -->
<!--                                                                                                      -->
<!-- J11   0           none             J11   1         EMS22 encoder     J11   2        HX711 load cell  -->
<!-- J11   3           MAX31856 TC      J11   4         MAX31856 CJ       J11   5        PT100 RTD        -->
<!-- J11   6           SSD1325 OLED     J11   7         MAX35104 TOF      J11   8        -                -->
<!--                                                                                                      -->
<!-- J12   0           none             J12   1         EMS22 encoder     J12   2        HX711 load cell  -->
<!-- J12   3           MAX31856 TC      J12   4         MAX31856 CJ       J12   5        PT100 RTD        -->
<!-- J12   6           SSD1325 OLED     J12   7         MAX35104 TOF      J12   8        -                -->
<!-- ___________________________________________________________________________________________________ -->



<!-- ___________________________________________________________________________________________________ -->
<!-- LD100_tool customization XML file format user's short reference.                                    -->
<!--                                                                                                     -->
<!-- 1. xml version="1.0" encoding="utf-8"   - mandatory XML file clause.                                -->
<!--                                                                                                     -->
<!-- 2. <sdf> </sdf>                         - sensor definition file (main section, mandatory)          -->
<!-- 2a. <sdf client_version_exact = "4.43">  - (optional) ld100_tool version required for this XML file -->
<!--                                                                                                     -->
<!-- 3. <sensor />                           - a sensor to add (sub)section                              -->
<!--                                                                                                     -->
<!-- 3a.   name                              - sensor indentifier                                        -->
<!-- 3b.   display_name                      - sensor name used in the GUI: menu, text boxes, etc..      -->
<!-- 3c.   connector                         - the LD100 connector this sensor is connected to           -->
<!-- 3d.   menu_index                        - menu index of this connector's setup form, 0-based        -->
<!-- 3e.   id                                - sensor polling state ID. Decimal integer or predefined ID:-->
<!-- 3e0.   spi_sensor_type_encoder_ems22    - 34=0x22                                                   -->
<!-- 3e1.   spi_sensor_type_addon_0          - 240=0xF0                                                  -->
<!-- 3e2.   spi_sensor_type_addon_1          - 241                                                       -->
<!-- 3e3.   spi_sensor_type_ad9837           - 91=0x5B                                                   -->
<!-- 3e4...   ...                            - and so on (see ld100_intf.h)                              -->
<!-- 3f.   port_id                           - same as bus_id : bus identifier code (low 4 bits: 0..15)   ->
<  -       bus_id                            - High 4 bits are flags(PORT_MODE, ACTIVE_HIGH , KEEP_LOW,   ->
<  -                                         -     BIT_TRANSFER, ALLOW_LONG, etc (see coreipm_oem.h)     -->
<!-- 3g.   sensor_states_total               - default = 1 (single state)                                -->
<!--                                                                                                     -->
<!-- 4. <sensor_state />                     - state machine of this sensor,    state description        -->
<!-- 4a.   state                             - this state number                                         -->
<!-- 4b.   return_value_location             - the result up to 32 bits is taken from this offset of      ->
<  -                                           the total read reply bytes (bytes_to_rd/wr)               -->
<!-- 4c.   return_value_scale                - the result is multiplied by this (float) value            -->
<!-- 4d.   return_value_mask                 - the result is ANDed with this after scaling (value_scale) -->
<!--                                         - if nonzero then the result will be exported               -->
<!-- 4e.   bytes_to_wr                       - bytes to write to (and read from if SPI )                 -->
<!-- 4f.   bytes_to_rd                       - bytes to read from : i2c only                             -->
<!-- 4g.   next_state                        - state number to go to, from this state.                    ->
<  -                                           Default : next_state = this state number (infinite poll)  -->
<!--                                                                                                     -->
<!-- 5. <hide />                             - hide sensor from the menu                                 -->
<!-- 5a.   name                              - sensor indentifier                              Optional. -->
<!-- 5b.   connector                         - the connector this sensor is connected to.      Required. -->
<!-- 5c.   menu_index                        - menu index of this connector's setup form.      Required. -->
<!-- ___________________________________________________________________________________________________ -->
